,token,frequency
1177,sexual,10429
546,assault,8204
183,student,3723
1713,harass,1759
2562,convict,1475
2670,campus,1305
1062,school,1244
2348,month,1244
1853,conduct,1240
1806,story,1083
2129,minute,1035
1389,charge,1005
1020,father,984
631,defend,971
1536,victim,969
1962,invest,897
1822,start,891
2724,light,887
1281,woman,817
2924,history,791
2555,accuse,767
2260,sentence,756
1940,football,711
1872,women,658
2447,event,492
21,judge,460
1769,abuse,439
2769,allege,422
886,thing,419
282,police,409
2060,culture,393
1857,survivor,372
1308,professor,365
2573,leave,359
2161,cause,356
2426,plain,354
942,attack,351
2083,arrest,331
1090,count,331
1685,state,319
2622,nation,316
1871,complain,292
1032,trial,288
2783,complaint,279
1934,found,275
377,college,273
30,support,263
1820,would,262
813,claim,257
1622,office,256
1275,appeal,251
2817,coach,250
1277,public,250
636,guilt,249
2757,guilty,248
2935,people,243
1219,sting,242
111,train,236
1892,right,235
1530,issue,234
1248,member,226
1305,stand,224
743,every,224
1288,power,217
2466,conscious,211
1156,expel,211
1426,billion,203
1070,boycott,199
1777,spend,199
2331,graduate,198
2563,enter,196
457,resident,191
2533,attempt,185
420,policy,185
2007,night,183
2403,lawsuit,181
2894,justice,180
643,change,180
1495,could,178
2888,first,177
2878,cover,177
2662,faculty,175
2886,athletic,175
237,detail,173
158,crime,173
746,rough,172
2330,think,171
1593,response,167
2538,protest,167
2258,fraternity,165
2666,today,164
1510,place,163
848,commit,163
765,don't,163
1046,follow,161
1829,survey,159
1516,raise,159
2463,prison,158
325,child,154
1886,investigate,154
687,official,151
2797,happen,150
2618,dress,150
1310,serve,149
1007,expelled,149
1457,media,147
519,court,146
568,class,145
0,bring,145
1469,liquor,145
1763,three,144
790,employee,143
2201,quest,143
556,basketball,143
1227,describe,142
917,suspect,142
2639,receive,142
2553,still,142
870,round,142
276,gender,139
2383,prevention,139
729,experience,137
897,hockey,137
1628,lawyer,136
548,problem,134
145,aware,134
1038,speak,134
760,shock,133
2750,staff,132
1672,direct,132
514,suspend,130
195,handle,130
51,article,129
121,alcohol,128
2306,prompt,122
651,address,121
229,false,121
1011,force,120
1906,person,119
2897,ought,116
2519,source,116
2112,depart,116
1552,ratio,115
1912,search,113
76,female,112
126,social,112
1814,attention,112
2135,discuss,112
2279,athlete,112
602,settle,112
1249,campaign,110
854,believe,108
1141,punish,108
1122,federal,106
2407,forward,105
1057,clear,105
811,share,104
1565,teach,104
1642,never,104
2747,white,104
1079,system,103
2243,ready,101
1787,press,101
1371,known,100
2843,health,100
2706,emerge,99
1528,allow,98
2798,plead,97
130,degree,97
2539,learn,97
133,group,96
2544,effort,96
2444,director,95
174,parent,95
2028,spirit,95
768,someone,95
1590,since,94
207,account,94
1470,launch,92
2031,though,92
315,scandal,92
2109,break,92
1985,everything,91
2434,panel,91
1098,continue,90
332,another,90
2265,appear,89
1766,least,89
1167,criminal,88
2901,prove,87
1840,require,87
1037,point,86
571,fight,86
312,incident,86
1196,suspension,85
2147,protect,85
1917,process,84
2509,consent,83
1393,around,83
2075,friend,83
2702,doesn't,82
175,refer,82
1449,decision,82
1987,legal,81
810,offend,81
226,pilot,81
5,whose,80
902,alert,80
2125,question,80
739,inform,80
1352,sever,80
842,software,80
606,million,79
2697,young,79
1107,table,77
2200,addition,77
1301,courage,77
211,enough,76
657,petition,76
1175,posit,76
450,intern,75
1348,wrong,75
2693,differ,75
1135,lenient,74
1168,house,74
1890,course,74
2106,stalk,74
1300,write,74
49,insist,73
2762,president,73
172,assist,73
676,mental,72
259,expulsion,72
2501,prosecutor,71
2827,rally,71
2826,wonder,71
784,apart,71
1050,racial,71
380,theft,70
2409,ounce,70
934,include,70
788,important,70
2755,attend,69
1734,children,69
2126,serious,69
2051,didn't,69
2684,recruit,68
2263,cross,68
1085,short,67
2336,agree,67
499,can't,67
2368,drink,67
1432,felon,67
610,water,67
949,instead,66
1977,black,66
616,actual,66
1746,accept,66
2297,versa,65
1450,comment,65
2522,great,65
2311,second,65
644,won't,64
164,assistant,64
1476,academic,64
2787,ignore,63
480,powerful,63
1970,committee,63
1191,shame,62
1423,party,62
2425,consider,62
347,increase,61
1981,possible,61
379,concern,61
2165,impact,61
1881,business,61
2379,attorney,60
1779,offer,60
670,stance,60
1255,world,60
971,video,59
177,country,59
2318,doctor,59
1993,announce,59
1312,position,58
2045,visit,58
2460,murder,57
1924,decade,57
533,committed,57
914,accusation,57
71,thought,57
182,create,57
1887,please,56
576,essay,56
2156,responsible,56
974,respond,55
2611,anyone,55
2941,privilege,55
2493,third,55
677,reason,54
2848,usual,54
178,decide,54
1250,something,54
1256,elect,54
1126,advocate,54
2535,anything,54
967,regard,53
1127,spark,53
1831,different,53
997,wrote,53
2621,close,53
1207,multi,53
1681,reject,53
1700,document,53
923,provide,52
1119,focus,52
2707,piece,52
555,message,52
2020,complete,51
414,across,51
364,among,51
2351,climate,51
577,example,50
982,chance,50
1297,special,50
1151,service,50
1592,chief,49
487,controversial,49
2420,plaque,49
1594,fully,49
180,effect,48
573,information,48
801,profession,48
2015,memoir,48
1061,behind,48
1617,voice,48
2170,mandatory,48
1678,paper,48
2185,semester,47
1418,felony,47
2606,threat,47
1366,order,47
1865,executive,47
637,nothing,47
1792,always,47
809,institution,46
1374,commend,46
709,fellow,46
1627,moment,46
879,often,46
2849,result,46
1080,conversation,46
1607,interest,46
351,everyone,46
646,anger,45
336,regent,45
65,trans,45
1491,toxic,45
2633,exist,44
1416,crisis,44
818,title,44
1193,human,44
590,deserve,44
1809,blame,44
48,graph,44
2226,march,44
660,little,43
504,multiple,43
1866,contact,43
596,admit,43
1478,track,43
912,govern,43
1764,drunk,43
220,strong,42
2152,several,42
2391,board,42
2097,proud,42
1353,grace,42
1992,proposal,42
64,safety,42
2652,later,42
2053,indict,41
462,expect,41
1391,persona,41
1420,domestic,41
894,you're,41
2399,heard,41
1328,trauma,40
878,study,39
446,tonight,39
2014,angel,39
1574,bystander,39
452,wasn't,39
702,without,39
2389,anonymous,39
234,discussion,38
1029,sport,38
2006,treat,38
444,occur,38
2480,lying,38
2632,isn't,38
348,contract,38
503,might,38
2641,expert,38
874,journal,37
597,respect,37
891,psych,37
856,daughter,37
2548,author,37
1656,shouldn't,37
192,large,36
639,educate,36
279,condemn,36
620,conference,36
1568,whether,36
831,budge,36
2657,update,36
2400,check,36
1841,publish,36
2124,limit,35
1968,similar,35
734,answer,35
2164,suffer,35
933,money,35
2603,reach,35
881,combat,35
2883,watch,35
1662,spoke,35
1854,budget,35
1258,commerce,35
1976,upheld,35
2283,secret,35
1738,common,34
1330,argue,34
761,within,34
2212,given,34
2037,spread,34
2084,violent,34
1935,partner,33
1922,current,33
688,improve,33
2428,serial,33
530,psycho,33
835,front,33
1826,guard,33
978,become,32
1782,resist,32
1005,already,32
641,confident,32
2561,severe,32
2175,technology,32
852,genera,32
570,final,31
2252,propose,31
2916,chancellor,31
2942,champ,31
645,beyond,31
368,worse,31
118,explain,31
653,wrestle,31
2183,senior,31
1605,participate,30
2820,confidential,30
726,knowledge,30
1596,potential,30
1252,build,30
866,funny,30
802,middle,30
723,suspicion,30
2835,quote,30
1748,motion,30
2436,broke,30
2880,closure,29
2554,tennis,29
2749,resignation,29
986,husband,29
2174,begin,29
794,broad,28
293,speech,28
598,taken,28
1433,percent,28
2441,fresh,28
34,confirm,28
1562,scrutiny,28
2373,field,28
410,welcome,27
402,demand,27
1754,weekend,27
1716,topic,27
167,grant,27
2586,death,27
2870,associate,27
373,workplace,27
876,spent,27
2058,literal,27
1298,reinstate,27
1134,annual,27
2698,avoid,27
1338,civil,26
1523,fundraiser,26
2491,spotlight,26
931,guess,26
767,brave,26
297,avail,26
614,sense,26
545,dozen,26
537,surprise,26
1933,series,26
947,family,26
451,stress,26
2069,pledge,26
1901,almost,26
2413,they're,25
1606,identify,25
735,deter,25
2791,whole,25
1946,insult,25
2132,verse,25
952,witness,25
2160,pursue,25
1616,entire,25
714,debate,25
1223,complex,25
1367,personal,25
2634,written,25
1355,hostile,25
1285,absolute,25
648,pretty,25
2022,famous,24
1894,client,24
608,despite,24
1369,affect,24
2649,donate,24
2746,brought,24
812,company,24
795,super,24
365,counsel,24
1153,society,24
655,introduce,24
1494,feminist,24
2855,submit,24
1344,science,23
584,headline,23
440,reduce,23
1121,private,23
2328,alone,23
2435,abort,23
1165,coverage,23
313,failure,23
1088,tomorrow,23
488,identity,23
2033,discipline,23
518,mission,23
873,promote,23
621,certain,23
569,caught,22
1454,previous,22
674,forget,22
2866,seven,22
884,ahead,22
1358,connect,22
1140,contain,22
1514,excuse,22
1434,either,22
921,nurse,22
2282,statute,22
1124,passe,22
1475,occurred,22
2854,widespread,22
399,broken,22
2059,collect,22
2492,level,22
493,correct,22
1903,forensic,22
2467,haven,22
427,proceed,22
2602,solution,21
7,finite,21
981,danger,21
1636,brutal,21
2704,specific,21
1905,normal,21
1497,giant,21
324,exact,21
2915,throw,21
1651,thank,21
1103,tough,21
529,heart,21
780,opinion,21
97,award,21
2568,brother,21
1195,startup,21
1257,mater,21
1673,trust,20
2372,awful,20
2256,toward,20
1114,listen,20
1860,equal,20
1882,influence,20
916,future,20
882,trash,20
2390,major,20
844,expand,20
686,legitimate,20
1908,presentation,20
984,dedicate,20
1425,virtual,20
1436,challenge,20
749,adult,20
2731,nature,20
2881,engage,20
1295,sight,19
2936,honest,19
1573,touch,19
2699,infamous,19
2081,rather,19
2087,incest,19
1321,lifetime,19
1311,attitude,19
1984,general,19
1991,define,19
1615,photo,19
2178,script,19
411,newspaper,19
905,content,19
970,acknowledge,19
2689,block,19
1950,feminism,19
2891,examine,19
1646,yesterday,19
1718,doubt,19
2581,bench,19
1756,appropriate,19
1795,proper,19
860,cannot,18
1133,truth,18
1303,worth,18
2334,sound,18
2241,definite,18
2342,together,18
672,tackle,18
2155,amount,18
1071,seeing,18
1955,knife,18
2142,total,18
1539,weigh,18
429,audit,18
2579,select,18
2266,particular,18
196,freshman,18
1361,logic,18
1947,mention,18
87,probe,18
317,afraid,18
1351,hospital,18
938,argument,18
2261,psychology,18
254,emotion,18
1856,control,18
1604,gather,18
1350,pattern,18
2475,price,18
2176,along,18
248,verdict,17
1512,fourth,17
115,demon,17
1164,tally,17
2676,tenure,17
579,compare,17
581,belief,17
708,surge,17
1747,suggest,17
1302,target,17
1243,vision,17
1652,character,17
261,space,17
67,subject,17
1084,spring,17
1354,local,17
2585,approve,17
1589,threaten,17
2034,profile,17
265,sought,17
47,angry,17
2066,clinic,17
1039,practice,17
1715,workshop,17
2111,individual,17
1957,laugh,17
32,ticket,17
2913,develop,17
871,value,16
1695,scene,16
2837,choice,16
232,simple,16
2052,tolerate,16
1171,heroes,16
718,movie,16
2566,blast,16
55,alley,16
1720,standard,16
366,actor,16
1202,innocent,16
1563,haven't,16
2530,wrongdoing,16
2130,success,16
403,empower,16
604,ground,16
1785,teammate,16
1292,upheaval,16
782,advocacy,16
965,throughout,16
1289,implement,16
56,intervention,16
2017,imagine,16
2245,progress,16
1045,chair,16
1726,inappropriate,16
1948,guide,15
1462,upset,15
210,scholar,15
102,condition,15
2815,chapter,15
2714,lesson,15
2740,promise,15
2470,apply,15
289,systemic,15
2271,sorry,15
1772,obtain,15
1053,whistle,15
1192,migrant,15
796,minor,15
587,average,15
1845,intend,15
1314,section,15
2541,affiliate,15
1579,manage,15
1224,forum,15
1,provost,15
1123,healthy,15
1087,adopt,15
2457,product,15
1489,became,15
2119,crack,15
2344,steep,15
713,forcible,15
1382,prior,15
1407,uphold,15
980,ongoing,14
1359,gymnast,14
829,formal,14
219,lucky,14
1631,career,14
1336,solid,14
387,utter,14
1415,creep,14
1216,taught,14
2455,music,14
2733,project,14
941,prestigious,14
1721,mandate,14
1542,prosecute,14
2615,native,14
1902,summer,14
2540,impossible,14
706,counselor,14
665,defendant,14
2267,dumpster,14
2838,vulnerable,14
360,solidarity,14
181,express,14
2569,drive,14
2363,intervene,14
2321,brief,14
2453,confront,14
2604,immediate,14
864,expose,14
1477,disciplinary,14
3,credible,14
1251,maintain,14
2208,ridiculous,14
1456,successful,14
2094,idiot,14
60,quick,13
1170,description,13
1717,amnesty,13
2601,perform,13
922,destroy,13
43,obvious,13
2347,separate,13
1326,stuff,13
815,reflect,13
1197,aren't,13
2352,steak,13
1238,crazy,13
1271,we're,13
2824,bitch,13
2396,decline,13
285,mouth,13
880,apology,13
1273,union,13
2011,promiscuity,13
935,financial,13
2326,extreme,13
1034,dance,13
2608,determine,13
1502,hopeful,13
2504,invite,13
2725,advise,13
1480,small,13
745,notify,13
715,acquittal,13
473,feature,13
1072,eight,13
757,proof,13
719,epidemic,13
99,highlight,13
2182,consortium,13
2246,brain,13
1832,difficult,13
1128,sociology,13
74,wouldn't,13
354,damage,13
142,positive,13
1060,apparent,13
2511,cultural,12
474,testimony,12
1245,assailant,12
2103,couple,12
1942,terrible,12
2479,trouble,12
2920,stall,12
112,controversy,12
483,notice,12
1525,strategy,12
2134,sanction,12
1538,strength,12
2445,truly,12
1669,error,12
1874,significant,12
2543,object,12
362,necessary,12
1657,harsh,12
2412,misogyny,12
2847,careful,12
1179,screen,12
235,flyer,12
2375,prize,12
394,youth,12
2064,admitted,12
2487,insight,12
2801,persist,12
816,gotten,12
2761,immigrant,12
1392,approach,12
2741,inside,12
2925,perfect,12
82,lucrative,12
1705,intent,12
2812,kidnap,12
820,guardian,12
1733,elite,12
2786,swept,12
316,constitute,12
839,carry,12
542,apple,11
1553,shift,11
611,monster,11
1558,extra,11
927,factor,11
1900,lacrosse,11
964,arrow,11
2289,drunken,11
2784,patient,11
1204,illegal,11
1824,street,11
1861,wrist,11
1006,various,11
2939,familiar,11
2473,offensive,11
1118,incorrect,11
513,shoot,11
75,admission,11
1775,catch,11
772,design,11
1372,produce,11
1267,everywhere,11
1262,except,11
843,stupid,11
724,signature,11
2709,worry,11
2429,model,11
961,maybe,11
263,install,11
397,symposium,11
2590,worst,11
13,trump,11
2392,military,11
2122,notebook,11
2322,alumni,11
476,stone,11
1296,relevant,11
216,clothe,11
1081,scapegoat,11
2600,boost,11
1910,nobody,11
766,governor,11
1270,referred,11
16,anonymity,10
2890,penalty,10
2927,shown,10
1024,dangerous,10
1003,thread,10
1543,clean,10
1647,chose,10
691,weird,10
125,definition,10
227,candid,10
2658,fraud,10
2096,appearance,10
656,prima,10
2061,credit,10
137,urban,10
626,candidate,10
2054,graphic,10
1459,advice,10
2616,prospect,10
1658,strange,10
1674,quite,10
2010,spare,10
595,status,10
586,vital,10
1728,county,10
2594,embarrass,10
2514,liberal,10
1463,horrible,10
2537,cancel,10
1455,happy,10
2325,prominent,10
1210,struggle,10
46,alter,10
1228,excellent,10
2358,battery,10
861,moral,10
59,editor,10
841,initial,10
1286,style,10
793,gross,10
1349,furious,10
2332,advisor,10
2751,sketch,10
1397,thousand,10
2305,travel,10
2498,confess,9
2193,backlash,9
1929,season,9
2513,abusive,9
2938,warrant,9
1965,desire,9
2503,traffic,9
2294,mansion,9
2181,suppose,9
2163,dismissal,9
2528,brown,9
2323,context,9
2012,single,9
2019,dying,9
2350,chill,9
2213,thumb,9
1016,decrease,9
2384,strive,9
2055,benefit,9
2842,withhold,9
1661,picture,9
1904,upsetting,9
1877,anyway,9
1247,incredible,9
2809,terror,9
2799,global,9
1144,internal,9
1316,viral,9
1137,episode,9
1387,dignity,9
1410,wonderful,9
2735,trend,9
2727,auditor,9
1482,explore,9
1507,thrown,9
2679,referring,9
1545,session,9
1557,tycoon,9
1566,lecture,9
2644,sincere,9
1634,citizen,9
1102,homicide,9
1198,depression,9
2610,corrupt,9
1683,shout,9
1689,demonstrate,9
1759,weapon,9
1760,passion,9
1077,chant,9
1810,binge,9
2370,schedule,9
2946,original,9
575,blind,9
120,submitted,9
785,priest,9
250,imprison,9
80,network,9
722,padre,9
486,regret,9
349,reputation,9
37,judicial,9
350,finish,9
566,injustice,9
381,classmate,9
161,phrase,9
426,bully,9
223,assure,9
110,teenage,9
152,bastard,8
153,deliver,8
344,helpful,8
1441,installation,8
96,dream,8
1163,surgeon,8
1645,scientist,8
149,central,8
1648,opera,8
2449,perception,8
748,digital,8
1076,committing,8
236,frank,8
2071,merit,8
2324,routine,8
1396,dormitory,8
737,garbage,8
1464,perspective,8
736,malicious,8
2042,behalf,8
2418,sorority,8
2882,sheet,8
944,beginning,8
2008,trivia,8
2415,period,8
684,booze,8
683,silent,8
1517,baseball,8
1511,denial,8
1505,wealth,8
2651,nominee,8
1548,essential,8
2203,shape,8
2895,fault,8
448,surface,8
1481,compass,8
1979,began,8
720,measure,8
2871,verbal,8
2319,pregnant,8
1152,somewhere,8
633,pervasive,8
1680,mother,8
2327,sponsor,8
2003,rampant,8
8,censor,8
1858,comply,8
2773,print,8
786,politician,8
2754,river,8
202,prevalent,8
565,input,8
2474,version,8
1340,council,8
2789,afternoon,8
1803,memorial,8
1222,proven,8
326,audio,8
2154,defensive,8
2933,delay,8
1217,stream,8
550,you've,8
295,deadline,8
2365,slave,8
1821,meant,8
977,spike,8
2253,weren't,8
770,troll,8
2468,stigma,8
2464,worldwide,8
769,valid,8
2814,scary,8
2247,platform,8
1931,seminar,8
1696,dollar,8
2458,survive,8
2776,caution,7
2678,affair,7
2140,maxim,7
1254,prohibit,7
2137,performance,7
2823,justify,7
694,hadn't,7
693,religion,7
2004,grade,7
895,outrageous,7
1322,stomach,7
367,straight,7
299,deputy,7
908,depth,7
1386,stage,7
2742,quiet,7
106,indecent,7
2085,button,7
2395,bankrupt,7
903,pathetic,7
85,anywhere,7
42,robbery,7
798,league,7
358,alumnus,7
1388,you'll,7
2335,scope,7
2768,bloom,7
395,absurd,7
1474,aggressive,7
1842,scream,7
945,envelope,7
2250,suspicious,7
485,tribute,7
625,figure,7
2598,industry,7
968,legacy,7
2591,sleep,7
2240,genuine,7
17,establish,7
2242,inclusive,7
601,atmosphere,7
872,academia,7
225,aside,7
1914,examination,7
1909,shameful,7
1048,oppose,7
2471,renewal,7
2906,image,7
1043,phone,7
563,forever,7
561,peace,7
188,compassion,7
2262,forgot,7
506,regular,7
1786,contrast,7
2532,shatter,7
199,deletion,7
2490,adequate,7
998,hasn't,7
1830,affirmative,7
1835,eliminate,7
2274,access,7
1239,comparison,7
1625,prefer,7
647,escape,7
1633,draft,7
946,progressive,7
1956,sphere,7
682,sympathy,7
135,molest,7
661,downtown,7
680,language,7
2772,spell,6
2653,bravery,6
2488,perhaps,6
2667,champion,6
197,badge,6
1447,profit,6
1996,insightful,6
2654,stick,6
2100,stood,6
275,pressure,6
803,everyday,6
2484,brush,6
2018,proportion,6
2767,assume,6
2781,margin,6
510,freshmen,6
2115,garden,6
1773,brook,6
867,deliberate,6
1839,punch,6
127,honorary,6
853,store,6
2807,chick,6
1852,explicit,6
849,ain't,6
2354,colleague,6
2496,theme,6
1811,generate,6
70,panic,6
2120,audience,6
1863,elsewhere,6
2359,consistent,6
825,basis,6
2760,click,6
704,column,6
1556,extensive,6
500,fountain,6
1394,classy,6
642,curious,6
1624,endorse,6
605,external,6
1667,abroad,6
100,tight,6
238,sensitive,6
2385,fantastic,6
2592,remorse,6
2505,constant,6
461,you'd,6
417,virus,6
740,shirt,6
1951,pussy,6
151,accident,6
1938,obstacle,6
1466,withdraw,6
1936,republican,6
1727,simply,6
2044,substantiate,6
671,consumption,6
2371,misogynist,6
2476,liable,6
2681,alongside,6
453,botany,6
119,dialogue,6
1603,built,6
783,sample,6
779,promotion,6
482,haunt,6
2631,analysis,6
1971,complainant,6
1925,patriarchy,6
1533,earth,6
1424,otherwise,6
1116,trafficking,6
2912,tuition,6
1189,inferior,6
996,flood,6
41,dirty,6
1036,rescind,6
2833,birth,6
2281,respectful,6
889,ceremony,6
910,amend,6
2179,twenty,6
2877,natural,6
2287,doctoral,6
57,fallout,6
2211,spoken,6
357,dealt,6
1237,residential,6
953,flirt,6
675,structure,5
909,thoughtful,5
405,seething,5
2072,fundraising,5
1899,militant,5
2853,poignant,5
1401,although,5
2068,material,5
2065,delusion,5
1744,memory,5
1042,entice,5
2063,burglary,5
2643,percentage,5
2710,lieutenant,5
2923,painful,5
2857,empathy,5
1723,foster,5
2296,deflect,5
1570,bisexual,5
2701,sweet,5
148,length,5
791,precedent,5
551,twice,5
2169,endure,5
1597,harmful,5
777,plagiarism,5
2482,intersect,5
2378,advisory,5
1755,torture,5
659,buddy,5
138,blood,5
2432,incite,5
1751,indicate,5
1378,kelly,5
1379,segment,5
1893,unite,5
95,strategic,5
495,backlog,5
588,church,5
2184,ballot,5
1554,kidnapping,5
2320,strip,5
695,privacy,5
2914,forgive,5
2237,tactic,5
1132,expelling,5
1664,interim,5
613,coward,5
2884,admitting,5
2300,documentation,5
159,robust,5
1944,peaceful,5
2593,insane,5
943,breed,5
447,strike,5
1082,procedure,5
2217,mirror,5
2220,pandemic,5
2908,breath,5
2587,amplify,5
1073,narrow,5
18,anybody,5
1688,midst,5
1919,physician,5
2695,fatal,5
258,prohibition,5
1923,afford,5
36,visual,5
475,secretary,5
2844,exploit,5
1487,inadequate,5
1939,breadth,5
2021,inequity,5
305,participant,5
703,sentiment,5
2408,lapse,5
1109,representative,5
2903,popular,5
2308,ideology,5
2404,dental,5
1421,consult,5
321,transfer,5
2782,permit,5
1838,despicable,5
1236,diminish,5
287,thorough,5
2520,cancer,5
2099,alumna,5
890,prepare,5
834,purpose,5
2123,heavy,5
369,however,5
9,forth,5
1834,extraordinary,5
2831,talent,5
1017,indeed,5
2341,compete,5
509,burden,5
1019,preliminary,5
2800,greater,5
2821,occupy,5
865,fabric,5
2116,background,5
2764,option,5
2763,appetite,5
1812,smell,5
534,slate,5
2790,editorial,5
2816,registry,5
361,stairwell,5
1815,equity,5
2275,retain,5
213,shortage,5
2343,tension,4
1677,shall,4
1501,freedom,4
2410,sudden,4
434,winter,4
1479,massive,4
2024,bunch,4
2687,maximum,4
1274,component,4
2032,tragic,4
2411,walkout,4
2577,invitation,4
2574,indefensible,4
589,birthday,4
697,nasty,4
2023,economic,4
385,independent,4
701,appreciate,4
1493,database,4
2357,volunteer,4
591,primary,4
2197,naked,4
1816,interpret,4
2030,marijuana,4
311,pleasure,4
73,eloquent,4
1693,nationwide,4
1486,statutory,4
1484,dossier,4
1684,recovery,4
1686,awesome,4
544,glass,4
233,fashion,4
1027,communicate,4
846,clergy,4
2510,interrupt,4
1953,driven,4
63,supremacy,4
1632,perpetuate,4
1564,suicide,4
859,accomplish,4
2443,fence,4
2144,vaccine,4
62,neither,4
1095,recuse,4
1961,scheme,4
460,choose,4
308,he'll,4
1978,marriage,4
2636,capital,4
1586,daddy,4
523,confuse,4
2619,classroom,4
1609,divert,4
337,gopher,4
1240,grand,4
2624,jeopardy,4
66,they'd,4
2904,secure,4
2905,rightful,4
685,fantasy,4
2210,breakdown,4
374,abhorrent,4
2806,homosexual,4
618,drugging,4
251,fiction,4
1531,plenty,4
2656,cycle,4
524,genius,4
1534,random,4
1649,flash,4
2345,shadow,4
1117,contribution,4
2599,beset,4
1261,custody,4
1544,predatory,4
464,corporate,4
1260,integrity,4
1551,acorn,4
2907,cocaine,4
958,facilitate,4
371,strain,4
2027,we've,4
649,impunity,4
2718,softball,4
2329,spearhead,4
491,chronic,4
1018,nightmare,4
1409,divulge,4
407,extent,4
184,mainstream,4
2386,prosecution,4
1404,uncle,4
1883,reinforce,4
1417,battle,4
1307,judiciary,4
543,tentative,4
176,achieve,4
2387,crucial,4
90,fought,4
1364,naive,4
489,pocket,4
318,couldn't,4
2834,paragraph,4
1184,filthy,4
764,blatant,4
2367,skill,4
2732,visible,4
2489,departure,4
2743,mechanism,4
103,courageous,4
758,beautiful,4
1370,salary,4
756,match,4
2040,whatever,4
2523,cheat,4
1888,refusal,4
1100,frame,4
2753,ministry,4
2113,debunk,4
303,partial,4
2486,exception,4
1876,feedback,4
547,casual,4
170,trivial,4
1712,drawn,4
1347,taste,4
1162,powder,4
1440,gossip,4
1916,tribunal,4
792,invasion,4
1913,chemistry,4
327,partisan,4
1435,suppress,4
40,exploitation,4
987,ignorant,4
989,grievance,4
1220,unanimous,4
1725,karma,4
988,she'd,4
2114,somebody,4
484,property,4
1790,dodge,3
1847,thesis,3
143,elder,3
1778,revenge,3
2929,bankruptcy,3
1022,spine,3
1752,inability,3
2620,everybody,3
1963,experiment,3
640,notoriety,3
1873,pause,3
2898,corpse,3
185,alive,3
1749,insurance,3
154,ethnic,3
1757,righteous,3
2485,bureau,3
1612,economy,3
1758,bigotry,3
1959,convince,3
553,vehicle,3
323,traumatic,3
2230,somehow,3
1093,problematic,3
2276,string,3
1765,homophobia,3
2617,transformation,3
2614,creepy,3
1964,surrender,3
1025,venture,3
240,channel,3
635,urgent,3
1761,excess,3
1614,skinny,3
557,convention,3
1707,poverty,3
2909,secrecy,3
1643,lynch,3
335,oppression,3
2277,smack,3
1818,taxpayer,3
1817,magazine,3
2918,mobster,3
2284,blank,3
471,stunt,3
578,homecoming,3
985,declaration,3
2575,recipient,3
15,booth,3
585,joint,3
479,remote,3
1807,commentary,3
201,foreign,3
2570,referendum,3
1862,brilliant,3
1701,empty,3
1054,therapy,3
999,admire,3
2465,delete,3
169,scale,3
1055,donor,3
2583,impose,3
14,grown,3
2288,conspiracy,3
209,comic,3
2526,studio,3
1021,knock,3
2233,inherent,3
2597,sally,3
1797,gentle,3
1833,category,3
1897,glimpse,3
1742,breathtaking,3
1798,textbook,3
329,comeback,3
1040,genital,3
531,they've,3
2,tribune,3
2508,they'll,3
612,useful,3
1663,guidance,3
4,consensus,3
1665,lifestyle,3
200,threw,3
1041,strengthen,3
1825,maternal,3
2588,chaotic,3
1739,square,3
1639,rhetoric,3
1483,stuck,3
1206,vomit,3
1215,snake,3
2190,hysteria,3
725,exclusive,3
728,commemorate,3
1208,solicit,3
260,momentum,3
2187,slavery,3
741,coworker,3
2859,impeach,3
2337,corps,3
2858,whoever,3
1335,spokesperson,3
1438,sustain,3
2703,stole,3
1468,hatred,3
806,scientific,3
2105,scoop,3
391,universal,3
2029,manipulate,3
2194,prejudice,3
2195,numerous,3
2364,unique,3
716,truthful,3
1360,intimate,3
2315,flake,3
370,gratitude,3
256,penis,3
2675,grapple,3
255,symptom,3
2672,administer,3
699,grateful,3
2050,crowd,3
1601,expensive,3
826,competition,3
901,cousin,3
787,implementation,3
1194,compel,3
2737,celebrate,3
2078,sister,3
2380,district,3
271,religious,3
404,bragging,3
2845,technique,3
773,edition,3
2082,narcissist,3
2745,permission,3
1356,fallen,3
2086,notorious,3
2748,infant,3
900,exhibit,3
1183,bedroom,3
298,inequality,3
2851,respondent,3
1178,myriad,3
1176,amidst,3
269,refugee,3
1406,rival,3
2722,junior,3
1411,subpoena,3
1414,vicious,3
752,perceive,3
2062,theory,3
1345,blanket,3
267,deficit,3
797,ludicrous,3
1343,presidential,3
698,tense,3
89,steal,3
2668,escalate,3
288,plagiarist,3
1571,governance,3
1567,magic,3
668,queer,3
2645,precise,3
1561,harbinger,3
1559,double,3
1111,sleepy,3
1269,euphemism,3
1231,western,3
1989,detention,3
2802,clause,3
1136,shore,3
2349,willful,3
2421,hello,3
2219,pride,3
2136,sixth,3
2638,voluntary,3
61,chime,3
1263,ridicule,3
456,eradicate,3
1246,medicine,3
244,jacket,3
2630,agent,3
955,dominate,3
2813,summit,3
1591,conceive,3
954,valedictorian,3
1235,slander,3
1582,sophomore,3
1581,instructor,3
1577,balloon,3
1576,inquiry,3
2808,flimsy,3
2224,module,3
284,workforce,3
445,split,3
2127,excusable,3
339,virgin,3
2356,devil,3
1529,resume,3
932,dilemma,3
2340,behave,3
376,engineer,3
1131,abandon,3
436,tinder,3
836,assumption,3
2889,whine,3
31,divine,3
2303,bathroom,3
1276,volume,3
833,income,3
1540,hateful,3
2209,emeritus,3
1846,accessible,2
2339,horrendous,2
2362,charitable,2
2138,travesty,2
508,practitioner,2
1880,compassionate,2
389,corruption,2
2483,improper,2
2117,steer,2
501,exempt,2
2360,singular,2
511,bottom,2
372,prostitution,2
208,obscene,2
1864,raptor,2
2088,contempt,2
2280,forgotten,2
294,butterfly,2
507,package,2
2095,conceal,2
2159,alike,2
2157,eighth,2
396,absent,2
2369,shook,2
2101,satisfy,2
2374,substantial,2
320,democracy,2
290,legislature,2
512,polish,2
505,bright,2
2269,lengthy,2
2107,conservative,2
383,romantic,2
2495,carbon,2
280,longstanding,2
390,namesake,2
2438,discriminatory,2
419,screw,2
2259,reservation,2
2002,amber,2
1997,hyper,2
2450,lunch,2
2451,sensible,2
309,cardinal,2
2292,compelled,2
2452,augment,2
2001,ambassador,2
441,viper,2
472,quotation,2
439,turmoil,2
252,persistent,2
2454,sheep,2
2207,slaughter,2
253,extend,2
2204,finance,2
341,preventive,2
2302,it'll,2
2295,complicity,2
2301,dispute,2
443,neglect,2
2437,efficacy,2
2227,horny,2
1966,attribute,2
1973,balance,2
2433,faith,2
2431,backdrop,2
2430,dispensable,2
2228,impulsive,2
2229,woven,2
247,bought,2
2223,foundation,2
2427,medium,2
1988,village,2
1952,incisive,2
2424,systemwide,2
470,exposure,2
2406,keynote,2
401,inexcusable,2
406,meaningful,2
346,mattress,2
416,begging,2
2057,pseudonym,2
2255,pillage,2
1907,booklet,2
413,we'll,2
2388,telegraph,2
2074,courtroom,2
2405,anguish,2
2076,ordeal,2
328,festival,2
2381,dominant,2
496,fundamental,2
2172,estate,2
2478,sloth,2
497,filter,2
314,alumnae,2
1915,indulge,2
2047,capture,2
262,implant,2
1932,diverse,2
2196,compliment,2
2248,marine,2
304,inclusion,2
2249,abbey,2
231,entry,2
2191,vantage,2
330,modern,2
425,humorous,2
424,systematic,2
2035,controlling,2
2041,legend,2
2189,crises,2
2186,indifferent,2
2397,swerve,2
2346,border,2
1004,emphasis,2
105,marry,2
2715,snowflake,2
1329,motive,2
1332,toast,2
2758,alder,2
2752,agenda,2
771,amaze,2
94,mature,2
2738,intimacy,2
759,mutual,2
2730,shake,2
2729,investor,2
2728,default,2
1405,crass,2
2721,index,2
2720,extract,2
753,treason,2
1327,stink,2
2770,ghost,2
1324,prick,2
2796,mutilate,2
845,candy,2
840,grammar,2
1278,latter,2
72,congress,2
1283,ineffective,2
1284,loose,2
1293,irresponsible,2
807,contribute,2
1294,slogan,2
828,fierce,2
1304,skate,2
821,diploma,2
817,slime,2
814,forthcoming,2
2716,smear,2
522,stolen,2
1550,guarantee,2
1428,amongst,2
1492,vogue,2
1504,culprit,2
2669,confession,2
1508,promiscuous,2
2663,fifty,2
1521,protocol,2
1522,advantage,2
1524,cliff,2
2659,gangster,2
128,aftermath,2
690,finger,2
689,preferred,2
2655,extension,2
131,turnover,2
2650,industrial,2
2682,awake,2
710,bipartisan,2
711,autonomy,2
1444,honey,2
2708,capstone,2
1430,frighten,2
108,mankind,2
738,redemption,2
1439,assess,2
1443,bacon,2
2696,hydrodynamic,2
1472,informative,2
2694,collegiate,2
2692,awkward,2
117,wanton,2
1461,beauty,2
1465,conception,2
1467,guest,2
1266,thrive,2
1265,coercion,2
1259,chute,2
1244,irritate,2
975,cannon,2
972,universe,2
969,nearby,2
1078,superior,2
2911,patron,2
1092,holiday,2
20,transition,2
2900,shell,2
1101,plate,2
22,starvation,2
1105,ferret,2
1110,condone,2
23,allocate,2
1115,contraception,2
26,journey,2
1068,inconclusive,2
2917,insensitive,2
1066,informal,2
2928,ranch,2
2940,withdrew,2
6,disposable,2
2937,trail,2
1023,weather,2
2934,grief,2
2931,touchy,2
991,historian,2
1063,applaud,2
1047,machine,2
1051,snort,2
1052,planet,2
983,documentary,2
1058,mentor,2
1059,scorn,2
27,retribution,2
29,smoke,2
2879,poise,2
45,millionaire,2
1188,circa,2
904,madden,2
899,concert,2
44,explanation,2
1203,radio,2
893,auction,2
1209,gunpoint,2
1182,virtue,2
52,exchange,2
58,restorative,2
2819,explosive,2
1234,that'll,2
2818,taboo,2
1241,onetime,2
1186,equivalent,2
2850,breach,2
930,midnight,2
2869,constituent,2
1138,pipeline,2
1139,crawl,2
1142,fathom,2
1145,tricky,2
1146,energy,2
2873,device,2
2863,dissertation,2
2852,beggar,2
1160,glance,2
915,bartender,2
913,cheerleader,2
911,adore,2
2856,abolish,2
38,thirteen,2
132,reprehensible,2
2272,stench,2
679,classic,2
1698,advance,2
574,implicit,2
1724,artificial,2
580,roundtable,2
173,validate,2
583,yarmulke,2
171,capacity,2
2564,align,2
2648,inaction,2
2567,influx,2
168,declare,2
166,musician,2
1697,debut,2
1729,entrepreneur,2
1682,perversion,2
162,sportsman,2
160,adjunct,2
609,sweatpants,2
1659,speedy,2
615,tarnish,2
619,subtle,2
1637,stint,2
628,temple,2
2607,dolphin,2
632,speculate,2
572,injury,2
2556,relief,2
1623,predictor,2
189,conclusion,2
1837,noise,2
1836,evasion,2
532,digging,2
1805,programming,2
1800,inevitable,2
540,eligible,2
1789,secondary,2
193,cadet,2
191,mobile,2
549,novel,2
190,hotel,2
1771,passage,2
1731,window,2
552,traitor,2
1767,cloud,2
187,fabricate,2
558,fruition,2
2549,mammoth,2
2550,sarcasm,2
1745,honesty,2
1743,sheer,2
1741,incoherent,2
1740,evaluate,2
2552,lifelong,2
1626,south,2
1706,jurisdiction,2
2626,animal,2
1578,smart,2
1580,inconsistent,2
2647,burst,2
1555,snoop,2
1585,statue,2
2637,stride,2
2628,repugnant,2
1602,asinine,2
1620,transportation,2
2642,totem,2
1575,acronym,2
2613,incapable,2
2646,rivalry,2
2416,comprehensive,1
218,slippery,1
186,token,1
2872,surgery,1
2874,inhumane,1
2316,sworn,1
109,standby,1
2876,swear,1
2875,opposition,1
2312,personnel,1
2481,designate,1
2661,kangaroo,1
2310,certainty,1
33,repressive,1
2542,fascism,1
306,laundry,1
2417,handicapped,1
2660,discovery,1
35,devout,1
2864,phenomenal,1
221,trade,1
2868,steady,1
2673,squad,1
2333,preclude,1
179,timid,1
2671,attest,1
2846,terminology,1
296,fixate,1
2472,labour,1
2551,anxious,1
139,injure,1
39,publication,1
300,rural,1
2635,chosen,1
222,elementary,1
124,biracial,1
301,anthem,1
2664,bitten,1
2547,monstrosity,1
2546,anecdote,1
2861,drank,1
2862,charm,1
2545,banana,1
2304,globe,1
2865,plenary,1
307,regime,1
2892,populate,1
25,structural,1
2507,lighten,1
203,episcopal,1
2921,predecessor,1
214,swallow,1
2512,cheap,1
2922,aloha,1
2494,decry,1
204,drama,1
205,grass,1
2926,exculpatory,1
2497,dynamite,1
11,variety,1
2930,compound,1
24,converse,1
212,miraculous,1
2932,scotch,1
2499,aforementioned,1
10,headlight,1
2506,depose,1
2502,slide,1
2422,pioneer,1
2423,archaic,1
2943,proximity,1
2944,aloud,1
2945,privy,1
2919,quartet,1
2285,waste,1
2286,symptomatic,1
2516,xenophobia,1
136,warren,1
292,backbone,1
2893,clarify,1
249,raccoon,1
2298,sovereign,1
2896,horse,1
2536,uproar,1
194,stoic,1
2534,fusion,1
2899,backpack,1
2419,suggestion,1
134,growth,1
2902,whatsoever,1
198,stellar,1
2910,aggression,1
2525,grandchildren,1
215,sketchy,1
2293,kodak,1
2524,patch,1
19,worship,1
2291,prostate,1
2521,spokesman,1
2517,expedite,1
2839,plunge,1
245,accurate,1
2674,playboy,1
2584,contemporaneous,1
2401,surplus,1
93,homework,1
2402,yearbook,1
2744,setback,1
92,charcuterie,1
91,contributor,1
88,puppet,1
2456,hippo,1
2377,emergent,1
86,quitting,1
272,spiritual,1
273,cancelled,1
2736,sidewalk,1
274,evade,1
2759,agony,1
83,anatomy,1
2582,testosterone,1
2439,stoppage,1
2580,pharmacy,1
81,grasp,1
2690,bubble,1
163,whore,1
2771,elevate,1
2774,blend,1
2589,wishbone,1
2734,urinal,1
2677,dismal,1
113,theorist,1
2394,backward,1
2393,execution,1
2442,throat,1
264,arctic,1
2700,repulsive,1
266,compromise,1
2609,registration,1
2398,gruesome,1
2712,erratic,1
2713,withheld,1
104,lemonade,1
114,appellate,1
98,brand,1
155,livid,1
2717,thankful,1
156,lopsided,1
2446,generic,1
2596,enthusiastic,1
101,resultant,1
147,captive,1
2595,monstrous,1
146,turnout,1
270,eyebrow,1
116,glorify,1
2366,struck,1
2775,savage,1
2777,intellectual,1
2822,statuary,1
2803,toxin,1
2685,goddess,1
2683,randy,1
286,roundup,1
2810,anxiety,1
2811,intense,1
2627,divisive,1
2560,applicable,1
2469,duration,1
224,bachelor,1
2557,rescue,1
2825,philosophy,1
2578,salute,1
53,expressive,1
2828,hedge,1
2829,verify,1
2830,delicious,1
2832,cornerstone,1
140,glare,1
2836,sailor,1
2680,carpet,1
2338,compelling,1
50,loophole,1
2440,penetrate,1
68,suicidal,1
2565,thorny,1
257,robin,1
281,vanilla,1
2778,nominal,1
2779,everlasting,1
2576,auditorium,1
278,feminine,1
165,lounge,1
2780,ecosystem,1
2572,sinister,1
2571,revenue,1
79,progression,1
2785,decode,1
77,clothesline,1
2788,decisive,1
141,wealthy,1
2462,doctorate,1
230,stadium,1
2794,workout,1
2795,wherever,1
2623,walnut,1
243,articulate,1
2686,nutrition,1
2355,reluctant,1
69,pornography,1
228,straightforward,1
206,splash,1
1473,impressive,1
2273,wallet,1
1233,preach,1
1230,intensive,1
1644,indignant,1
624,grainy,1
623,imminent,1
1650,disastrous,1
1229,shred,1
883,cortex,1
1226,transferred,1
1655,mitigate,1
1660,truck,1
885,somewhat,1
887,prone,1
1671,expense,1
607,abnormal,1
1221,bastion,1
1675,fiasco,1
888,billboard,1
1214,messy,1
599,eulogy,1
594,juicy,1
1687,patriarchal,1
593,albeit,1
1213,massacre,1
1691,sheriff,1
1692,criteria,1
1640,archival,1
875,difficulty,1
1584,cruelty,1
1635,miracle,1
850,pizza,1
654,vocal,1
1264,notch,1
851,consultant,1
1595,necklace,1
1598,kiddie,1
857,meltdown,1
1599,modesty,1
1600,authentic,1
1608,misery,1
858,island,1
1611,whenever,1
1613,manifestation,1
1253,snowfall,1
638,armpit,1
862,clown,1
1618,fossil,1
863,faulty,1
868,sprint,1
869,kimono,1
630,defeat,1
319,depressant,1
1630,juice,1
1242,analgesic,1
629,bridge,1
1212,stressful,1
592,optimal,1
1699,sacrificial,1
1702,stack,1
541,irrelevant,1
1788,smile,1
1791,circus,1
1181,apprentice,1
1180,cinematic,1
1794,pertinent,1
907,floor,1
539,sacred,1
1799,falcon,1
1801,dictionary,1
1802,thirst,1
1804,worthy,1
1808,gracious,1
799,confusion,1
536,cowardice,1
1169,disrupt,1
1166,theology,1
1813,versus,1
1819,saint,1
1823,counterbalance,1
528,anecdotal,1
527,alliance,1
918,delivery,1
1161,imaginary,1
526,usage,1
1784,china,1
1783,testament,1
1781,bicycle,1
1199,consecutive,1
1703,region,1
1704,aggressor,1
1708,punctilious,1
1211,borderline,1
1711,rigorous,1
582,nonetheless,1
1719,veracity,1
1722,interruption,1
1730,permissible,1
567,nerve,1
1200,factory,1
1737,citation,1
1185,rogue,1
896,ambitious,1
562,sigma,1
1750,sneak,1
1753,impetus,1
560,chalk,1
559,conundrum,1
1762,northern,1
554,marsh,1
1768,magnate,1
1190,immune,1
1187,alpha,1
1587,drastic,1
1583,metaphor,1
1843,packet,1
1325,conversion,1
1399,prevail,1
1400,irate,1
1323,meanwhile,1
1402,contest,1
805,vitamin,1
1320,egress,1
755,concise,1
1408,excessive,1
754,ripple,1
1319,tribe,1
1412,seventeen,1
1413,panda,1
751,deviant,1
1318,reprisal,1
1317,metro,1
1422,insert,1
747,absolve,1
744,salad,1
1427,prime,1
1429,appease,1
1431,snuggle,1
1313,famine,1
808,urinate,1
742,copious,1
1437,hodge,1
1398,password,1
762,southern,1
1268,insignificant,1
1390,efficient,1
1337,vagina,1
1339,vindictive,1
1341,podge,1
1342,egregious,1
1333,syllabus,1
1346,kappa,1
789,nervous,1
781,parade,1
1357,approval,1
778,indignation,1
1362,playful,1
1363,touchdown,1
776,imperfect,1
775,contrite,1
1368,compulsory,1
774,minus,1
1376,cruel,1
1377,pushy,1
800,yellow,1
1380,orgasm,1
1381,sushi,1
1383,goodbye,1
1384,invisible,1
804,handful,1
763,psychic,1
1442,squid,1
1445,exemption,1
1446,quasi,1
1448,nonce,1
1513,compulsion,1
1515,senor,1
1518,purview,1
1290,taillight,1
1520,twirl,1
692,scarf,1
1526,callous,1
1527,minimum,1
1287,funeral,1
1532,moist,1
837,stringent,1
1541,clerk,1
681,legendary,1
838,strangle,1
1547,daylight,1
1549,census,1
678,detector,1
673,barber,1
1560,circumvent,1
669,loyalty,1
667,fling,1
1279,extradite,1
1572,murky,1
1272,handy,1
847,parental,1
696,invasive,1
1509,valley,1
1506,gullible,1
721,temptation,1
1451,impulse,1
1309,convert,1
819,voodoo,1
733,holler,1
731,dense,1
730,microcosm,1
822,verbatim,1
1458,drake,1
823,mystery,1
824,wacky,1
727,censure,1
1471,cognitive,1
1503,socket,1
717,shield,1
707,practical,1
827,formula,1
705,twitch,1
830,sycophantic,1
832,pansy,1
1291,museum,1
700,emblem,1
1498,invalid,1
1499,incompetent,1
1500,electronic,1
525,breathe,1
1334,route,1
1108,artwork,1
2077,satanic,1
1094,billy,1
412,snuff,1
2225,north,1
409,thwart,1
1091,sarcastic,1
957,lucid,1
2070,confirmation,1
2073,signal,1
2222,illustrate,1
1028,hungry,1
2221,balcony,1
521,stroke,1
2080,hotbed,1
400,rebuttal,1
398,maintenance,1
1086,meningitis,1
2089,concurrent,1
960,historic,1
2091,mayoral,1
2218,tremendous,1
2092,reticent,1
962,threesome,1
415,chastity,1
2056,sharp,1
995,imposition,1
428,beacon,1
437,graham,1
1112,neutral,1
993,uptown,1
2016,satire,1
1106,factual,1
432,withdrawn,1
431,countenance,1
1104,benefactor,1
2025,convey,1
2026,tiger,1
2036,newsletter,1
418,marathon,1
423,castrate,1
2038,tattoo,1
1099,lobby,1
956,divest,1
422,coast,1
1097,storm,1
2231,adoptive,1
2048,satan,1
1096,statewide,1
421,bookstore,1
393,literature,1
963,lefty,1
2202,navigate,1
2162,hereditary,1
2146,smith,1
2148,ablaze,1
2149,marital,1
1067,parody,1
2151,bolster,1
2153,curve,1
2206,gentleman,1
994,portfolio,1
1064,envoy,1
2205,calendar,1
359,silver,1
1069,chauvinist,1
979,tunnel,1
2167,withe,1
2168,forbid,1
356,embedded,1
1056,ditch,1
2173,lousy,1
355,widow,1
353,treasure,1
1049,scroll,1
2177,whitewash,1
2145,ghoulish,1
2141,monetary,1
2102,hierarchy,1
2121,nickname,1
392,plastic,1
2104,orphan,1
2108,myopia,1
2110,dragon,1
2215,forgetting,1
388,horror,1
2214,negligible,1
2118,synonymous,1
1075,consolation,1
1030,kidnapped,1
384,therefore,1
342,precarious,1
382,smash,1
2128,spontaneous,1
378,ultra,1
1074,riddance,1
2131,premiere,1
973,absorb,1
2133,whereas,1
375,hypocrite,1
340,textile,1
2139,occurring,1
1113,bureaucracy,1
438,circumcision,1
2009,liberty,1
1911,vegetable,1
1889,grave,1
1150,phase,1
1149,ballet,1
1895,gallows,1
1896,celebrity,1
1148,qualify,1
1147,exploration,1
492,clarity,1
490,spouse,1
2257,vegetarian,1
481,paperwork,1
1885,eerily,1
1918,slope,1
925,commission,1
1143,motel,1
926,hypocrisy,1
928,array,1
1926,exhaustive,1
1927,tasty,1
1010,dummy,1
1928,captaincy,1
936,juvenile,1
498,shutdown,1
2264,memorandum,1
2005,cursory,1
1859,domain,1
1848,catchy,1
1159,aurora,1
1158,swell,1
1850,wholesome,1
1851,folly,1
520,diversify,1
517,refutation,1
1855,intolerant,1
1157,countrymen,1
515,patrol,1
1867,vague,1
924,forty,1
1001,silicon,1
1155,vampire,1
2198,apparel,1
1870,visitation,1
1154,treasury,1
1875,welfare,1
1009,distinguish,1
322,squeaky,1
920,spoil,1
502,curriculum,1
1130,creature,1
2251,abominable,1
1937,gorilla,1
1983,herpes,1
1972,firsthand,1
1974,embrace,1
2192,insufficient,1
1002,denounce,1
454,chauvinism,1
948,seduction,1
990,fifteen,1
950,omega,1
2236,television,1
1982,flock,1
449,southwest,1
331,harmony,1
345,circle,1
1986,canine,1
1990,hesitant,1
442,sadist,1
1994,commensurate,1
1995,cocktail,1
2234,diary,1
1999,bestselling,1
1026,certificate,1
2000,airport,1
1125,academy,1
2238,franchise,1
458,vascular,1
1967,lineup,1
333,atone,1
1000,burrow,1
1941,shelter,1
468,jungle,1
334,shoulder,1
1943,motto,1
992,liquid,1
937,caliber,1
467,clink,1
466,flight,1
465,acquaintance,1
343,institute,1
939,precious,1
1949,cherry,1
1954,roommate,1
1013,nuclear,1
463,flirtation,1
1958,niece,1
940,silly,1
1960,electoral,1
1014,vilify,1
1044,ferocious,1
2860,fatigue,0
1031,that'd,0
1015,plaza,0
1331,sterling,0
2766,almighty,0
1012,gable,0
2765,gazette,0
1008,sedition,0
1033,august,0
2805,catholic,0
1035,ecstasy,0
2840,terrapin,0
1120,chamber,0
1218,oftentimes,0
2887,gamma,0
2885,franklin,0
28,democrat,0
892,hindsight,0
1205,maroon,0
1201,wisdom,0
1129,thirteenth,0
1315,copyright,0
2841,martial,0
929,onion,0
898,prophet,0
906,dominion,0
1174,pierce,0
2867,permissive,0
1173,sunny,0
919,inception,0
1225,upsilon,0
54,amateur,0
877,deposit,0
951,bizarre,0
12,division,0
976,incomplete,0
1306,alphabet,0
1065,garrison,0
78,moreover,0
1299,holocaust,0
2792,councilwoman,0
966,guild,0
2793,weber,0
1083,roundabout,0
1282,teeth,0
959,cosmopolitan,0
1089,lotus,0
1280,praise,0
2804,coalition,0
855,kickoff,0
1232,highland,0
1172,laden,0
1629,affidavit,0
84,command,0
1975,frost,0
1930,henry,0
469,asset,0
1945,tobacco,0
2448,bilingual,0
239,pickup,0
241,eastern,0
242,avian,0
459,bundy,0
1969,cabinet,0
1980,eleven,0
2756,heroin,0
246,jiffy,0
1998,laura,0
2414,brochure,0
2013,circuit,0
435,telegram,0
433,felicity,0
430,avenue,0
2039,swift,0
2043,bobby,0
2459,beast,0
2461,atlantic,0
477,principal,0
478,usher,0
2515,swamp,0
1827,melody,0
1828,thirty,0
1844,library,0
1849,hatch,0
2500,bravo,0
516,jerry,0
1868,michigan,0
1869,philanthropy,0
217,mindful,0
1878,glamour,0
1879,delta,0
1884,evolution,0
1891,martin,0
2477,turpitude,0
1898,chronicle,0
494,caravan,0
1920,stony,0
1921,dusty,0
2046,taverna,0
2049,sunshine,0
268,thanksgiving,0
302,tragedy,0
2317,expression,0
2199,drill,0
2314,parliament,0
2313,northland,0
2309,crump,0
2307,hollow,0
338,penny,0
2216,theta,0
2299,creek,0
2232,stabile,0
2235,poisonous,0
2290,columbine,0
310,meadow,0
2239,knight,0
2244,eagle,0
2254,emerald,0
2278,commonwealth,0
2268,supreme,0
2270,mistletoe,0
2188,kitty,0
2180,hector,0
408,mosaic,0
352,blush,0
2067,nigger,0
2382,dungeon,0
2079,herald,0
2376,statesman,0
2090,pastoral,0
2093,lowdown,0
2098,rosemary,0
277,capella,0
2361,golden,0
386,analyses,0
2353,green,0
283,fleck,0
2143,swipe,0
2150,chargeable,0
2158,tournament,0
363,paradox,0
291,bribery,0
2166,forest,0
2171,biblical,0
535,aphrodisiac,0
2518,chairwoman,0
538,municipal,0
712,freeman,0
1488,crystal,0
1490,ghetto,0
1496,rectify,0
122,nymphomaniac,0
123,archive,0
2665,democratic,0
1519,tower,0
129,uniform,0
1535,powerhouse,0
1537,congressman,0
1546,compilation,0
666,goldsmith,0
1569,syndrome,0
2640,float,0
664,apartheid,0
663,whitehead,0
662,jogging,0
1588,presumptive,0
658,jersey,0
1485,passport,0
2688,enterprise,0
2629,heritage,0
1460,muslim,0
1365,prince,0
1373,stamp,0
1375,immoral,0
2739,psychiatry,0
1385,glean,0
1395,caucus,0
2726,epsilon,0
1403,cologne,0
2723,sawyer,0
2719,senate,0
1419,depressive,0
750,bowie,0
2711,garland,0
107,agribusiness,0
2705,someday,0
1452,comedy,0
1453,pyramid,0
732,twelve,0
2691,pence,0
652,indigenous,0
650,likewise,0
1796,ecology,0
1679,anticipate,0
1690,rainbow,0
1694,arrogant,0
1709,spree,0
1710,curry,0
1714,slick,0
2559,maria,0
2558,wright,0
1732,betrayal,0
1735,mediocre,0
1736,friar,0
564,capitol,0
1770,conquest,0
1774,ironic,0
1776,mercury,0
1780,scriptural,0
2531,sentinel,0
1793,jimmy,0
2529,cheese,0
2527,auburn,0
600,morris,0
1676,collusion,0
2625,hurricane,0
603,she'll,0
1610,introduction,0
144,broaden,0
634,sportswriter,0
1619,ivory,0
1621,palace,0
2612,ancient,0
150,mason,0
2605,confederate,0
627,diamond,0
1638,spawn,0
1641,panty,0
622,penguin,0
1653,tortoise,0
157,prism,0
1654,preposterous,0
617,turnaround,0
1666,picayune,0
1668,harry,0
1670,superb,0
455,bogus,0
